{
  "dataset": "vod",
  "eval_dir": "output/stage3/local_cfgs/hgsfusion_vod_stage3_full_eval/stage3_vod_full_eval_noinfertime_w2_complete/eval/epoch_no_number/val/official_ckpt_full_eval",
  "log_file": "/home/user/HGSFusion_research/HGSFusion/output/stage3/local_cfgs/hgsfusion_vod_stage3_full_eval/stage3_vod_full_eval_noinfertime_w2_complete/eval/epoch_no_number/val/official_ckpt_full_eval/log_eval_20260514-093632.txt",
  "split_context": "VoD official-checkpoint evaluation using val info split.",
  "metrics": {
    "Entire annotated area": {
      "Car": 0.025995246583481877,
      "Pedestrian": 0.06983744732089103,
      "Cyclist": 0.2200892584214709,
      "mAP": 0.10530731744194793
    },
    "Driving corridor area": {
      "Car": 0.012453300124533,
      "Pedestrian": 0.11223344556677889,
      "Cyclist": 0.012617500473156268,
      "mAP": 0.04576808205482272
    },
    "raw_lines": [
      "Entire annotated area: ",
      "Car: 0.025995246583481877 ",
      "Pedestrian: 0.06983744732089103 ",
      "Cyclist: 0.2200892584214709 ",
      "mAP: 0.10530731744194793 ",
      "Driving corridor area: ",
      "Car: 0.012453300124533 ",
      "Pedestrian: 0.11223344556677889 ",
      "Cyclist: 0.012617500473156268 ",
      "mAP: 0.04576808205482272 ",
      ""
    ]
  },
  "parser_notes": []
}
